Sl.No,Project Name,Task,Start Date,End Date,Task Duration
"01","QUATTRO DEL MAR MEP CAD PROJECT","   Block 2 - Podium 2 Coordination Drawing","17/10/2025","17/10/2025","00:10:29"
"02","QUATTRO DEL MAR MEP CAD PROJECT","   Block 2 - Podium 1 Coordination Drawing","17/10/2025","17/10/2025","00:10:27"
"03","QUATTRO DEL MAR MEP CAD PROJECT","   Block 2 - Ground Floor Coordination Drawing","17/10/2025","17/10/2025","00:11:00"
"04","QUATTRO DEL MAR MEP CAD PROJECT","   Block 1 - Podium 2 Coordination Drawing","17/10/2025","17/10/2025","00:11:26"
"05","QUATTRO DEL MAR MEP CAD PROJECT","   Block 1 - Podium 1 Coordination Drawing","17/10/2025","17/10/2025","00:11:40"
"06","QUATTRO DEL MAR MEP CAD PROJECT","Block 1 - Ground Floor Coordination Drawing","17/10/2025","17/10/2025","00:11:52"
"07","Others"," TEST 2","-","-","hh:mm:ss"
"08","Others"," TEST 2","-","-","hh:mm:ss"
"09","Others"," TEST 2","-","-","hh:mm:ss"
"10","AECOM-AL AMRAH"," UPGRADE MODELS TO BE PREPARED FOR THE CLIENTS COMMENTS","15/10/2025","15/10/2025","hh:mm:ss"
"11","AECOM-AL AMRAH"," UPGRADE MODELS TO BE PREPARED FOR THE CLIENTS COMMENTS","13/10/2025","15/10/2025","42:27:45"
"12","AECOM-AL AMRAH"," REMOVE ALL XREF FILES AND CLEAN THE PUBLISHED FILES","15/10/2025","15/10/2025","hh:mm:ss"
"13","AECOM-AL AMRAH"," REMOVE ALL XREF FILES AND CLEAN THE PUBLISHED FILES","15/10/2025","15/10/2025","00:06:35"
"14","AECOM-AL AMRAH"," UPDATE COORDINATED FILES IN ACC","15/10/2025","15/10/2025","hh:mm:ss"
"15","AECOM-AL AMRAH"," UPDATE COORDINATED FILES IN ACC","15/10/2025","15/10/2025","00:11:09"
"16","AECOM-AL AMRAH"," ADD LUMINAIRE TO  STREET LIGHTING 3D MODEL","15/10/2025","15/10/2025","hh:mm:ss"
"17","AECOM-AL AMRAH"," ADD LUMINAIRE TO  STREET LIGHTING 3D MODEL","15/10/2025","15/10/2025","00:11:24"
"18","AECOM-AL AMRAH"," COORDINATION ALIGNING THE ANCILLARY MODELS","15/10/2025","15/10/2025","hh:mm:ss"
"19","AECOM-AL AMRAH"," COORDINATION ALIGNING THE ANCILLARY MODELS","15/10/2025","15/10/2025","00:11:07"
"20","AECOM-AL AMRAH"," CREATE DATA SHORTCUT REFERENCE OF MODELS","15/10/2025","15/10/2025","hh:mm:ss"
"21","AECOM-AL AMRAH"," CREATE DATA SHORTCUT REFERENCE OF MODELS","13/10/2025","13/10/2025","00:15:32"
"22","AECOM-AL AMRAH","COORDINATION IRRIGATION AND LIGHTING NETWORK","15/10/2025","13/10/2025","hh:mm:ss"
"23","AECOM-AL AMRAH","COORDINATION IRRIGATION AND LIGHTING NETWORK","15/10/2025","15/10/2025","00:11:02"
"24","AL GURG","Drainage Modeling","13/10/2025","13/10/2025","hh:mm:ss"
"25","AL GURG","Drainage Modeling","-","-","hh:mm:ss"
"26","AL GURG","Drainage Modeling","15/10/2025","15/10/2025","00:00:53"
"27","AL GURG","Drainage Modeling","-","-","hh:mm:ss"
"28","QUATTRO DEL MAR MEP CAD PROJECT","submission","26/07/2025","26/07/2025","00:00:08"
"29","QUATTRO DEL MAR MEP CAD PROJECT","submission","26/07/2025","26/07/2025","00:00:08"
"30","QUATTRO DEL MAR MEP CAD PROJECT","submission","26/07/2025","26/07/2025","00:00:08"
"31","QUATTRO DEL MAR MEP CAD PROJECT","QC/Coordination ","12/07/2025","26/07/2025","328:37:46"
"32","QUATTRO DEL MAR MEP CAD PROJECT","QC/Coordination ","12/07/2025","26/07/2025","328:37:46"
"33","QUATTRO DEL MAR MEP CAD PROJECT","QC/Coordination ","12/07/2025","26/07/2025","328:37:46"
"34","QUATTRO DEL MAR MEP CAD PROJECT","Ground floor MEP coordination drawing","12/07/2025","12/07/2025","hh:mm:ss"
"35","QUATTRO DEL MAR MEP CAD PROJECT","Ground floor MEP coordination drawing","12/07/2025","12/07/2025","hh:mm:ss"
"36","Guggenheim Abu Dhabi","Sheet work","29/09/2025","29/09/2025","00:00:09"
"37","Guggenheim Abu Dhabi","Sheet work","29/09/2025","29/09/2025","00:00:09"
"38","Guggenheim Abu Dhabi","Sheet work","29/09/2025","29/09/2025","00:00:09"
"39","Guggenheim Abu Dhabi","Sheet work","09/06/2025","09/06/2025","hh:mm:ss"
"40","Guggenheim Abu Dhabi","Sheet work","09/06/2025","09/06/2025","hh:mm:ss"
"41","Guggenheim Abu Dhabi","Sheet work","09/06/2025","09/06/2025","hh:mm:ss"
"42","Guggenheim Abu Dhabi","Sheet work","09/06/2025","09/06/2025","hh:mm:ss"
"43","Guggenheim Abu Dhabi","Sheet work","09/06/2025","10/06/2025","21:43:36"
"44","Guggenheim Abu Dhabi","Sheet work","09/06/2025","10/06/2025","21:43:36"
"45","Guggenheim Abu Dhabi","Sheet work","09/06/2025","10/06/2025","21:43:36"
"46","Guggenheim Abu Dhabi","Sheet work","09/06/2025","09/06/2025","hh:mm:ss"
"47","Guggenheim Abu Dhabi","Sheet work","09/06/2025","09/06/2025","hh:mm:ss"
"48","Guggenheim Abu Dhabi","Sheet work","09/06/2025","09/06/2025","hh:mm:ss"
"49","Guggenheim Abu Dhabi","Sheet work","09/06/2025","23/09/2025","2546:45:18"
"50","Guggenheim Abu Dhabi","Sheet work","09/06/2025","23/09/2025","2546:45:18"
"51","Guggenheim Abu Dhabi","Sheet work","-","-","hh:mm:ss"
"52","Guggenheim Abu Dhabi","Sheet work","-","-","hh:mm:ss"
"53","Guggenheim Abu Dhabi","Sheet work","-","-","hh:mm:ss"
"54","Guggenheim Abu Dhabi","Sheet work","-","-","hh:mm:ss"
"55","Guggenheim Abu Dhabi","Sheet work","-","-","hh:mm:ss"
"56","Guggenheim Abu Dhabi","Sheet work","-","-","hh:mm:ss"
"57","Guggenheim Abu Dhabi","Sheet work","-","-","hh:mm:ss"
"58","Guggenheim Abu Dhabi","Bridge 4466","09/06/2025","19/06/2025","231:13:26"
"59","Guggenheim Abu Dhabi","Bridge 4466","09/06/2025","19/06/2025","231:13:26"
"60","Guggenheim Abu Dhabi","Bridge 4466","09/06/2025","19/06/2025","231:13:26"
"61","Guggenheim Abu Dhabi","Sheet work","-","-","hh:mm:ss"
"62","Guggenheim Abu Dhabi","Sheet work","09/06/2025","09/06/2025","hh:mm:ss"
"63","Guggenheim Abu Dhabi","Sheet work","09/06/2025","09/06/2025","hh:mm:ss"
"64","Guggenheim Abu Dhabi","Sheet work","09/06/2025","09/06/2025","hh:mm:ss"
"65","Guggenheim Abu Dhabi","Sheet work","09/06/2025","09/06/2025","hh:mm:ss"
"66","Guggenheim Abu Dhabi","Bridge 3463","-","-","hh:mm:ss"
"67","Guggenheim Abu Dhabi","Bridge 3463","-","-","hh:mm:ss"
"68","Guggenheim Abu Dhabi","Bridge 3463","-","-","hh:mm:ss"
"69","Guggenheim Abu Dhabi","Sheet work","13/11/2025","13/11/2025","00:00:08"
"70","Guggenheim Abu Dhabi","Sheet work","13/11/2025","13/11/2025","00:00:08"
"71","Guggenheim Abu Dhabi","Sheet work","13/11/2025","13/11/2025","00:00:08"
"72","Guggenheim Abu Dhabi","Foot rail","24/03/2025","25/03/2025","25:42:17"
"73","Guggenheim Abu Dhabi","Foot rail","24/03/2025","25/03/2025","25:42:17"
"74","Guggenheim Abu Dhabi","Foot rail","24/03/2025","25/03/2025","25:42:17"
"75","Guggenheim Abu Dhabi","Foot rail","21/03/2025","24/03/2025","70:41:41"
"76","Guggenheim Abu Dhabi","Foot rail","21/03/2025","24/03/2025","70:41:41"
"77","Guggenheim Abu Dhabi","Foot rail","21/03/2025","24/03/2025","70:41:41"
"78","Guggenheim Abu Dhabi","Model","21/03/2025","21/03/2025","05:23:37"
"79","Guggenheim Abu Dhabi","Model","21/03/2025","21/03/2025","05:23:37"
"80","Guggenheim Abu Dhabi","Model","21/03/2025","21/03/2025","05:23:37"
"81","Guggenheim Abu Dhabi","Model","21/03/2025","21/03/2025","05:23:37"
"82","Guggenheim Abu Dhabi","Handrail model","20/03/2025","25/03/2025","121:58:53"
"83","Guggenheim Abu Dhabi","Handrail model","20/03/2025","25/03/2025","121:58:53"
"84","Guggenheim Abu Dhabi","Handrail model","20/03/2025","25/03/2025","121:58:53"
"85","Guggenheim Abu Dhabi","Handrail model","20/03/2025","25/03/2025","121:58:53"
"86","Guggenheim Abu Dhabi","Handrail model","20/03/2025","25/03/2025","117:21:58"
"87","Guggenheim Abu Dhabi","Handrail model","20/03/2025","25/03/2025","117:21:58"
"88","Guggenheim Abu Dhabi","Handrail model","20/03/2025","25/03/2025","117:21:58"
"89","Guggenheim Abu Dhabi","Sheet work","20/03/2025","20/03/2025","02:45:41"
"90","Guggenheim Abu Dhabi","Sheet work","20/03/2025","20/03/2025","02:45:41"
"91","Guggenheim Abu Dhabi","Sheet work","20/03/2025","20/03/2025","02:45:41"
"92","Guggenheim Abu Dhabi","Sheet work","02/05/2025","02/05/2025","00:00:09"
"93","Guggenheim Abu Dhabi","Sheet work","02/05/2025","02/05/2025","00:00:09"
"94","Guggenheim Abu Dhabi","Sheet work","02/05/2025","02/05/2025","00:00:09"
"95","Guggenheim Abu Dhabi","Bracket and LED","03/06/2025","03/06/2025","00:00:34"
"96","Guggenheim Abu Dhabi","Bracket and LED","03/06/2025","03/06/2025","00:00:34"
"97","Guggenheim Abu Dhabi","Bracket and LED","03/06/2025","03/06/2025","00:00:34"
"98","Guggenheim Abu Dhabi","Ramp RT Sheet work updation","21/03/2025","21/03/2025","00:13:07"
"99","Guggenheim Abu Dhabi","Ramp RT Sheet work updation","21/03/2025","21/03/2025","00:13:07"
"100","Guggenheim Abu Dhabi","Ramp RT Sheet work updation","21/03/2025","21/03/2025","00:13:07"
"101","Guggenheim Abu Dhabi","Ramp RU Sheet work updation","21/03/2025","21/03/2025","00:03:04"
"102","Guggenheim Abu Dhabi","Ramp RU Sheet work updation","21/03/2025","21/03/2025","00:03:04"
"103","Guggenheim Abu Dhabi","Ramp RU Sheet work updation","21/03/2025","21/03/2025","00:03:04"
"104","Guggenheim Abu Dhabi","Sheet Work","20/03/2025","20/03/2025","00:10:25"
"105","Guggenheim Abu Dhabi","Sheet Work","20/03/2025","20/03/2025","00:10:25"
"106","Guggenheim Abu Dhabi","Sheet Work","20/03/2025","20/03/2025","00:10:25"
"107","Prestige Park Grove_Villa, Club House","Dylan Newton","12/03/2025","12/03/2025","00:00:09"
"108","Prestige Park Grove_Tower 1 to 19","Rowan Robinson","05/03/2025","05/03/2025","00:00:34"
"109","Prestige Park Grove_Tower 1 to 19","Deanna Payne","04/03/2025","04/03/2025","00:00:29"
"110","Prestige Park Grove_Tower 1 to 19","PPG_T19_3RD FLOOR_MODELLING","-","-","hh:mm:ss"
"111","Prestige Park Grove_Tower 1 to 19","PPG_T17_3RD FLOOR_MODELLING","24/10/2024","24/10/2024","hh:mm:ss"
"112","Prestige Park Grove_Tower 1 to 19","PPG_T15_3RD FLOOR_MODELLING","24/10/2024","24/10/2024","hh:mm:ss"
"113","Prestige Park Grove_Tower 1 to 19","PPG_T13_3RD FLOOR_MODELLING","24/10/2024","24/10/2024","00:01:12"
"114","Prestige Park Grove_Tower 1 to 19","PPG_T18_REFUGE AREA_MODELLING","-","-","hh:mm:ss"
"115","Prestige Park Grove_Tower 1 to 19","PPG_T17_REFUGE AREA_MODELLING","24/10/2024","24/10/2024","hh:mm:ss"
"116","Prestige Park Grove_Tower 1 to 19","PPG_T15_REFUGE AREA_MODELLING","24/10/2024","24/10/2024","hh:mm:ss"
"117","Prestige Park Grove_Tower 1 to 19","PPG_T11_3RD FLOOR_MODELLING","24/10/2024","24/10/2024","00:00:08"
"118","Prestige Park Grove_Tower 1 to 19","PPG_T9_3RD FLOOR_MODELLING","24/10/2024","24/10/2024","00:00:09"
"119","Prestige Park Grove_Tower 1 to 19","PPG_T7_3RD FLOOR_MODELLING","24/10/2024","24/10/2024","00:00:38"
"120","Prestige Park Grove_Tower 1 to 19","PPG_T5_3RD FLOOR_MODELLING","24/10/2024","24/10/2024","00:00:20"
"121","Prestige Park Grove_Tower 1 to 19","PPG_T13_REFUGE AREA_MODELLING","24/10/2024","24/10/2024","00:00:10"
"122","Prestige Park Grove_Tower 1 to 19","PPG_T3_3RD FLOOR_MODELLING","24/10/2024","24/10/2024","00:00:23"
"123","Prestige Park Grove_Tower 1 to 19","PPG_T1_3RD FLOOR_MODELLING","24/10/2024","24/10/2024","00:00:25"
"124","Prestige Park Grove_Tower 1 to 19","PPG_T11_REFUGE AREA_MODELLING","24/10/2024","24/10/2024","00:03:19"
"125","Prestige Park Grove_Tower 1 to 19","PPG_T9_REFUGE AREA_MODELLING","24/10/2024","24/10/2024","00:02:05"
"126","Prestige Park Grove_Tower 1 to 19","PPG_T7_REFUGE AREA_MODELLING","24/10/2024","24/10/2024","00:02:24"
"127","Prestige Park Grove_Tower 1 to 19","PPG_T5_REFUGE AREA_MODELLING","24/10/2024","24/10/2024","00:02:52"
"128","Prestige Park Grove_Tower 1 to 19","PPG_T19_2ND FLOOR_MODELING","-","-","hh:mm:ss"
"129","Prestige Park Grove_Tower 1 to 19","PPG_T3_REFUGE AREA_MODELLING","24/10/2024","24/10/2024","00:00:54"
"130","Prestige Park Grove_Tower 1 to 19","PPG_T1_REFUGE AREA_MODELLING","24/10/2024","24/10/2024","00:00:07"
"131","Prestige Park Grove_Tower 1 to 19","PPG_T17_2ND FLOOR_MODELING","24/10/2024","24/10/2024","00:00:10"
"132","Prestige Park Grove_Tower 1 to 19","PPG_T15_2ND FLOOR_MODELING","24/10/2024","24/10/2024","00:00:10"
"133","Prestige Park Grove_Tower 1 to 19","PPG_T13_2ND FLOOR_MODELING","24/10/2024","24/10/2024","00:00:13"
"134","Prestige Park Grove_Tower 1 to 19","PPG_T11_2ND FLOOR_MODELING","24/10/2024","24/10/2024","00:00:10"
"135","Prestige Park Grove_Villa, Club House","PPG_A&D_2nd floor_Modelling","05/03/2025","20/03/2025","362:05:24"
"136","Prestige Park Grove_Villa, Club House","PPG_A&D_2nd floor_Modelling","05/03/2025","20/03/2025","362:05:24"
"137","Prestige Park Grove_Villa, Club House","PPG_A&D_2nd floor_Modelling","05/03/2025","20/03/2025","362:05:24"
"138","Prestige Park Grove_Tower 1 to 19","PPG_T9_2ND FLOOR_MODELING","24/10/2024","24/10/2024","00:00:10"
"139","Prestige Park Grove_Villa, Club House","PPG_CCH_Petal 3_Modelling","24/10/2024","24/10/2024","00:00:09"
"140","Prestige Park Grove_Villa, Club House","PPG_CCH_Petal 3_Modelling","24/10/2024","24/10/2024","00:00:09"
"141","Prestige Park Grove_Villa, Club House","PPG_CCH_Petal 3_Modelling","24/10/2024","24/10/2024","00:00:09"
"142","Prestige Park Grove_Tower 1 to 19","PPG_T7_2ND FLOOR_MODELING","24/10/2024","24/10/2024","00:00:08"
"143","Prestige Park Grove_Tower 1 to 19","PPG_T19_4TH FLOOR_MODELLING","-","-","hh:mm:ss"
"144","Prestige Park Grove_Tower 1 to 19","PPG_T5_2ND FLOOR_MODELING","24/10/2024","24/10/2024","00:00:09"
"145","Prestige Park Grove_Tower 1 to 19","PPG_T3_2ND FLOOR_MODELING","24/10/2024","24/10/2024","00:00:09"
"146","Prestige Park Grove_Tower 1 to 19","PPG_T1_2ND FLOOR_MODELING","24/10/2024","24/10/2024","00:00:12"
"147","Prestige Park Grove_Tower 1 to 19","PPG_T17_4TH FLOOR_MODELLING","24/10/2024","24/10/2024","hh:mm:ss"
"148","Prestige Park Grove_Tower 1 to 19","PPG_T15_4TH FLOOR_MODELLING","24/10/2024","24/10/2024","00:47:16"
"149","Prestige Park Grove_Villa, Club House","PPG_Villa Royal_1st floor Modelling","24/10/2024","24/10/2024","00:00:13"
"150","Prestige Park Grove_Tower 1 to 19","PPG_T13_4TH FLOOR_MODELLING","24/10/2024","24/10/2024","00:01:14"
"151","Prestige Park Grove_Tower 1 to 19","PPG_T18_1st floor Modelling","-","-","hh:mm:ss"
"152","Prestige Park Grove_Tower 1 to 19","PPG_T16_1st floor Modelling","24/10/2024","24/10/2024","00:56:43"
"153","Prestige Park Grove_Tower 1 to 19","PPG_T14_1st floor Modelling","24/10/2024","24/10/2024","00:58:05"
"154","Prestige Park Grove_Tower 1 to 19","PPG_T11_4TH FLOOR_MODELLING","24/10/2024","24/10/2024","00:04:36"
"155","Prestige Park Grove_Tower 1 to 19","PPG_T9_4TH FLOOR_MODELLING","24/10/2024","24/10/2024","00:00:08"
"156","Prestige Park Grove_Tower 1 to 19","PPG_T5_4TH FLOOR_MODELLING","24/10/2024","24/10/2024","00:00:18"
"157","Prestige Park Grove_Tower 1 to 19","PPG_T7_4TH FLOOR_MODELLING","24/10/2024","24/10/2024","00:00:08"
"158","Prestige Park Grove_Tower 1 to 19","PPG_T3_4TH FLOOR_MODELLING","24/10/2024","24/10/2024","00:04:20"
"159","Prestige Park Grove_Tower 1 to 19","PPG_T12_1st floor Modelling","24/10/2024","24/10/2024","00:00:10"
"160","Prestige Park Grove_Tower 1 to 19","PPG_T10_1st floor Modelling","24/10/2024","24/10/2024","00:00:15"
"161","Prestige Park Grove_Tower 1 to 19","PPG_T1_4TH FLOOR_MODELLING","24/10/2024","24/10/2024","00:00:12"
"162","Prestige Park Grove_Tower 1 to 19","PPG_T19_Ground Floor_Modeling","-","-","hh:mm:ss"
"163","Prestige Park Grove_Tower 1 to 19","PPG_T19_Ground Floor_Modeling","-","-","hh:mm:ss"
"164","Prestige Park Grove_Tower 1 to 19","PPG_T8_1st floor Modelling","24/10/2024","24/10/2024","00:00:14"
"165","Prestige Park Grove_Tower 1 to 19","PPG_T18_Terrace floor_Modelling","20/03/2025","20/03/2025","00:00:34"
"166","Prestige Park Grove_Tower 1 to 19","PPG_T18_Terrace floor_Modelling","20/03/2025","20/03/2025","00:00:34"
"167","Prestige Park Grove_Tower 1 to 19","PPG_T18_Terrace floor_Modelling","20/03/2025","20/03/2025","00:00:34"
"168","Prestige Park Grove_Tower 1 to 19","PPG_T17_Ground Floor_Modeling","24/10/2024","24/10/2024","02:13:58"
"169","Prestige Park Grove_Tower 1 to 19","PPG_T17_Ground Floor_Modeling","24/10/2024","24/10/2024","02:13:58"
"170","Prestige Park Grove_Tower 1 to 19","PPG_T15_Ground Floor_Modeling","24/10/2024","24/10/2024","02:15:42"
"171","Prestige Park Grove_Tower 1 to 19","PPG_T15_Ground Floor_Modeling","24/10/2024","24/10/2024","02:15:42"
"172","Prestige Park Grove_Tower 1 to 19","PPG_T6_1st floor Modelling","24/10/2024","24/10/2024","00:00:11"
"173","Prestige Park Grove_Tower 1 to 19","PPG_T13_Ground Floor_Modeling","24/10/2024","24/10/2024","00:00:11"
"174","Prestige Park Grove_Tower 1 to 19","PPG_T13_Ground Floor_Modeling","24/10/2024","24/10/2024","00:00:11"
"175","Prestige Park Grove_Tower 1 to 19","PPG_T16_Terrace floor_Modelling","24/10/2024","20/03/2025","3528:37:51"
"176","Prestige Park Grove_Tower 1 to 19","PPG_T16_Terrace floor_Modelling","24/10/2024","20/03/2025","3528:37:51"
"177","Prestige Park Grove_Tower 1 to 19","PPG_T16_Terrace floor_Modelling","24/10/2024","20/03/2025","3528:37:51"
"178","Prestige Park Grove_Tower 1 to 19","PPG_T11_Ground Floor_Modeling","24/10/2024","24/10/2024","00:00:14"
"179","Prestige Park Grove_Tower 1 to 19","PPG_T11_Ground Floor_Modeling","24/10/2024","24/10/2024","00:00:14"
"180","Prestige Park Grove_Tower 1 to 19","PPG_T4_1st floor Modelling","24/10/2024","24/10/2024","00:00:19"
"181","Prestige Park Grove_Tower 1 to 19","PPG_T14_Terrace floor_Modelling","24/10/2024","20/03/2025","3528:38:44"
"182","Prestige Park Grove_Tower 1 to 19","PPG_T14_Terrace floor_Modelling","24/10/2024","20/03/2025","3528:38:44"
"183","Prestige Park Grove_Tower 1 to 19","PPG_T14_Terrace floor_Modelling","24/10/2024","20/03/2025","3528:38:44"
"184","Prestige Park Grove_Tower 1 to 19","PPG_T9_Ground Floor_Modeling","24/10/2024","24/10/2024","00:00:12"
"185","Prestige Park Grove_Tower 1 to 19","PPG_T9_Ground Floor_Modeling","24/10/2024","24/10/2024","00:00:12"
"186","Prestige Park Grove_Villa, Club House","PPG_CCH_Petal 2_Modelling","24/10/2024","24/10/2024","01:58:57"
"187","Prestige Park Grove_Tower 1 to 19","PPG_T7_Ground Floor_Modeling","24/10/2024","24/10/2024","00:00:11"
"188","Prestige Park Grove_Tower 1 to 19","PPG_T7_Ground Floor_Modeling","24/10/2024","24/10/2024","00:00:11"
"189","Prestige Park Grove_Tower 1 to 19","PPG_T18_2nd FLOOR_Modelling","-","-","hh:mm:ss"
"190","Prestige Park Grove_Tower 1 to 19","PPG_T18_2nd FLOOR_Modelling","-","-","hh:mm:ss"
"191","Prestige Park Grove_Tower 1 to 19","PPG_T12_Terrace floor_Modelling","24/10/2024","24/10/2024","00:00:10"
"192","Prestige Park Grove_Tower 1 to 19","PPG_T12_Terrace floor_Modelling","24/10/2024","24/10/2024","00:00:10"
"193","Prestige Park Grove_Tower 1 to 19","PPG_T12_Terrace floor_Modelling","24/10/2024","24/10/2024","00:00:10"
"194","Prestige Park Grove_Tower 1 to 19","PPG_T5_Ground Floor_Modeling","24/10/2024","24/10/2024","00:00:10"
"195","Prestige Park Grove_Tower 1 to 19","PPG_T5_Ground Floor_Modeling","24/10/2024","24/10/2024","00:00:10"
"196","Prestige Park Grove_Tower 1 to 19","PPG_T10_Terrace floor_Modelling","24/10/2024","24/10/2024","00:00:18"
"197","Prestige Park Grove_Tower 1 to 19","PPG_T10_Terrace floor_Modelling","24/10/2024","24/10/2024","00:00:18"
"198","Prestige Park Grove_Tower 1 to 19","PPG_T10_Terrace floor_Modelling","24/10/2024","24/10/2024","00:00:18"
"199","Prestige Park Grove_Villa, Club House","PPG_CCH_Petal 4_Modelling","24/10/2024","24/10/2024","hh:mm:ss"
"200","Prestige Park Grove_Villa, Club House","PPG_CCH_Petal 4_Modelling","24/10/2024","24/10/2024","hh:mm:ss"
"201","Prestige Park Grove_Tower 1 to 19","PPG_Basement","24/10/2024","24/10/2024","hh:mm:ss"
"202","Prestige Park Grove_Tower 1 to 19","PPG_T3_Ground Floor_Modeling","24/10/2024","24/10/2024","00:00:13"
"203","Prestige Park Grove_Tower 1 to 19","PPG_T3_Ground Floor_Modeling","24/10/2024","24/10/2024","00:00:13"
"204","Prestige Park Grove_Tower 1 to 19","PPG_T19_Terrace floor_Modelling","-","-","hh:mm:ss"
"205","Prestige Park Grove_Tower 1 to 19","PPG_T19_Terrace floor_Modelling","-","-","hh:mm:ss"
"206","Prestige Park Grove_Villa, Club House","PPG_V Ultima_Ground floor_Modelling","24/10/2024","24/10/2024","00:00:08"
"207","Prestige Park Grove_Villa, Club House","PPG_V Ultima_Ground floor_Modelling","24/10/2024","24/10/2024","00:00:08"
"208","Prestige Park Grove_Tower 1 to 19","PPG_T8_Terrace floor_Modelling","24/10/2024","24/10/2024","00:00:10"
"209","Prestige Park Grove_Tower 1 to 19","PPG_T8_Terrace floor_Modelling","24/10/2024","24/10/2024","00:00:10"
"210","Prestige Park Grove_Tower 1 to 19","PPG_T8_Terrace floor_Modelling","24/10/2024","24/10/2024","00:00:10"
"211","Prestige Park Grove_Tower 1 to 19","PPG_T17_Terrace floor_Modelling","24/10/2024","24/10/2024","hh:mm:ss"
"212","Prestige Park Grove_Tower 1 to 19","PPG_T17_Terrace floor_Modelling","24/10/2024","24/10/2024","hh:mm:ss"
"213","Prestige Park Grove_Tower 1 to 19","PPG_T16_Refuge area_Modelling","24/10/2024","24/10/2024","hh:mm:ss"
"214","Prestige Park Grove_Tower 1 to 19","PPG_T15_Terrace floor_Modelling","24/10/2024","24/10/2024","hh:mm:ss"
"215","Prestige Park Grove_Tower 1 to 19","PPG_T15_Terrace floor_Modelling","24/10/2024","24/10/2024","hh:mm:ss"
"216","Prestige Park Grove_Tower 1 to 19","PPG_T1_Ground Floor_Modeling","24/10/2024","24/10/2024","00:01:11"
"217","Prestige Park Grove_Tower 1 to 19","PPG_T1_Ground Floor_Modeling","24/10/2024","24/10/2024","00:01:11"
"218","Prestige Park Grove_Tower 1 to 19","PPG_T6_Terrace floor_Modelling","24/10/2024","24/10/2024","00:02:01"
"219","Prestige Park Grove_Tower 1 to 19","PPG_T6_Terrace floor_Modelling","24/10/2024","24/10/2024","00:02:01"
"220","Prestige Park Grove_Tower 1 to 19","PPG_T6_Terrace floor_Modelling","24/10/2024","24/10/2024","00:02:01"
"221","Prestige Park Grove_Tower 1 to 19","PPG_T14_Refuge area_Modelling","24/10/2024","24/10/2024","hh:mm:ss"
"222","Prestige Park Grove_Tower 1 to 19","PPG_T4_Terrace floor_Modelling","24/10/2024","24/10/2024","00:01:12"
"223","Prestige Park Grove_Tower 1 to 19","PPG_T4_Terrace floor_Modelling","24/10/2024","24/10/2024","00:01:12"
"224","Prestige Park Grove_Tower 1 to 19","PPG_T4_Terrace floor_Modelling","24/10/2024","24/10/2024","00:01:12"
"225","Prestige Park Grove_Tower 1 to 19","PPG_T13_Terrace floor_Modelling","24/10/2024","24/10/2024","00:00:44"
"226","Prestige Park Grove_Tower 1 to 19","PPG_T13_Terrace floor_Modelling","24/10/2024","24/10/2024","00:00:44"
"227","Prestige Park Grove_Tower 1 to 19","PPG_T2_Terrace floor_Modelling","24/10/2024","24/10/2024","00:00:28"
"228","Prestige Park Grove_Tower 1 to 19","PPG_T2_Terrace floor_Modelling","24/10/2024","24/10/2024","00:00:28"
"229","Prestige Park Grove_Tower 1 to 19","PPG_T2_Terrace floor_Modelling","24/10/2024","24/10/2024","00:00:28"
"230","Prestige Park Grove_Tower 1 to 19","PPG_T16_2nd floor_Modelling","24/10/2024","24/10/2024","02:39:43"
"231","Prestige Park Grove_Tower 1 to 19","PPG_T16_2nd floor_Modelling","24/10/2024","24/10/2024","02:39:43"
"232","Prestige Park Grove_Tower 1 to 19","PPG_T14_2nd floor_Modelling","24/10/2024","24/10/2024","02:41:23"
"233","Prestige Park Grove_Tower 1 to 19","PPG_T14_2nd floor_Modelling","24/10/2024","24/10/2024","02:41:23"
"234","Prestige Park Grove_Tower 1 to 19","PPG_T12_Refuge area_Modelling","24/10/2024","24/10/2024","00:01:06"
"235","Prestige Park Grove_Villa, Club House","VILLA ROYAL GROUND FLOOR ","24/10/2024","24/10/2024","00:00:17"
"236","Prestige Park Grove_Tower 1 to 19","PPG_T11_Terrace floor_Modelling","24/10/2024","24/10/2024","00:05:08"
"237","Prestige Park Grove_Tower 1 to 19","PPG_T11_Terrace floor_Modelling","24/10/2024","24/10/2024","00:05:08"
"238","Prestige Park Grove_Tower 1 to 19","PPG_T10_Refuge area_Modelling","24/10/2024","24/10/2024","00:00:33"
"239","Prestige Park Grove_Tower 1 to 19","PPG_T9_Terrace floor_Modelling","24/10/2024","24/10/2024","00:00:47"
"240","Prestige Park Grove_Tower 1 to 19","PPG_T9_Terrace floor_Modelling","24/10/2024","24/10/2024","00:00:47"
"241","Prestige Park Grove_Tower 1 to 19","PPG_T12_2nd floor_Modelling","24/10/2024","24/10/2024","00:00:07"
"242","Prestige Park Grove_Tower 1 to 19","PPG_T12_2nd floor_Modelling","24/10/2024","24/10/2024","00:00:07"
"243","Prestige Park Grove_Tower 1 to 19","PPG_T7_Terrace floor_Modelling","24/10/2024","24/10/2024","00:00:35"
"244","Prestige Park Grove_Tower 1 to 19","PPG_T7_Terrace floor_Modelling","24/10/2024","24/10/2024","00:00:35"
"245","Prestige Park Grove_Tower 1 to 19","PPG_T8_Refuge area_Modelling","24/10/2024","24/10/2024","00:00:20"
"246","Prestige Park Grove_Tower 1 to 19","PPG_T10_2nd floor_Modelling","24/10/2024","24/10/2024","00:00:09"
"247","Prestige Park Grove_Tower 1 to 19","PPG_T10_2nd floor_Modelling","24/10/2024","24/10/2024","00:00:09"
"248","Prestige Park Grove_Tower 1 to 19","PPG_ T18_ GROUND FLOOR _MODELLING ","-","-","hh:mm:ss"
"249","Prestige Park Grove_Tower 1 to 19","PPG_ T16_ GROUND FLOOR _MODELLING ","24/10/2024","24/10/2024","02:36:33"
"250","Prestige Park Grove_Tower 1 to 19","PPG_T5_Terrace floor_Modelling","24/10/2024","24/10/2024","00:03:26"
"251","Prestige Park Grove_Tower 1 to 19","PPG_T5_Terrace floor_Modelling","24/10/2024","24/10/2024","00:03:26"
"252","Prestige Park Grove_Tower 1 to 19","PPG_ T14_ GROUND FLOOR _MODELLING ","24/10/2024","24/10/2024","02:36:34"
"253","Prestige Park Grove_Tower 1 to 19","PPG_T6_Refuge area_Modelling","24/10/2024","24/10/2024","00:00:13"
"254","Prestige Park Grove_Tower 1 to 19","PPG_T1_1STFLOOR_MODELLING","24/10/2024","24/10/2024","00:02:04"
"255","Prestige Park Grove_Tower 1 to 19","PPG_T1_1STFLOOR_MODELLING","24/10/2024","24/10/2024","00:02:04"
"256","Prestige Park Grove_Tower 1 to 19","PPG_T8_2nd floor_Modelling","24/10/2024","24/10/2024","00:00:12"
"257","Prestige Park Grove_Tower 1 to 19","PPG_T8_2nd floor_Modelling","24/10/2024","24/10/2024","00:00:12"
"258","Prestige Park Grove_Villa, Club House","PPG_VILLA CLUB HOUSE_2ND FLOOR_MODELLING","24/10/2024","24/10/2024","hh:mm:ss"
"259","Prestige Park Grove_Villa, Club House","PPG_VILLA CLUB HOUSE_2ND FLOOR_MODELLING","24/10/2024","24/10/2024","hh:mm:ss"
"260","Prestige Park Grove_Tower 1 to 19","PPG_T4_Refuge area_Modelling","24/10/2024","24/10/2024","00:00:13"
"261","Prestige Park Grove_Villa, Club House","V Clubhouse First floor","24/10/2024","24/10/2024","hh:mm:ss"
"262","Prestige Park Grove_Villa, Club House","V Clubhouse First floor","24/10/2024","24/10/2024","hh:mm:ss"
"263","Prestige Park Grove_Villa, Club House","V Clubhouse First floor","24/10/2024","24/10/2024","hh:mm:ss"
"264","Prestige Park Grove_Villa, Club House","V Clubhouse First floor","24/10/2024","24/10/2024","hh:mm:ss"
"265","Prestige Park Grove_Villa, Club House","V Clubhouse First floor","24/10/2024","24/10/2024","hh:mm:ss"
"266","Prestige Park Grove_Tower 1 to 19","PPG_T6_2nd floor_Modelling","24/10/2024","24/10/2024","00:00:16"
"267","Prestige Park Grove_Tower 1 to 19","PPG_T6_2nd floor_Modelling","24/10/2024","24/10/2024","00:00:16"
"268","Prestige Park Grove_Villa, Club House","PPG_CCH_Petal 1_Modelling","24/10/2024","24/10/2024","hh:mm:ss"
"269","Prestige Park Grove_Villa, Club House","PPG_CCH_Petal 1_Modelling","24/10/2024","24/10/2024","hh:mm:ss"
"270","Prestige Park Grove_Tower 1 to 19","PPG_T19_1STFLOOR_MODELLING","-","-","hh:mm:ss"
"271","Prestige Park Grove_Tower 1 to 19","PPG_T19_1STFLOOR_MODELLING","-","-","hh:mm:ss"
"272","Prestige Park Grove_Villa, Club House","V Ultima First floor","24/10/2024","24/10/2024","00:00:20"
"273","Prestige Park Grove_Villa, Club House","V Ultima First floor","24/10/2024","24/10/2024","00:00:20"
"274","Prestige Park Grove_Villa, Club House","V Ultima First floor","24/10/2024","24/10/2024","00:00:20"
"275","Prestige Park Grove_Villa, Club House","V Ultima First floor","24/10/2024","24/10/2024","00:00:20"
"276","Prestige Park Grove_Villa, Club House","V Ultima First floor","24/10/2024","24/10/2024","00:00:20"
"277","Prestige Park Grove_Tower 1 to 19","PPG_T4_2nd floor_Modelling","24/10/2024","24/10/2024","00:00:14"
"278","Prestige Park Grove_Tower 1 to 19","PPG_T4_2nd floor_Modelling","24/10/2024","24/10/2024","00:00:14"
"279","Prestige Park Grove_Tower 1 to 19","PPG_T17_1STFLOOR_MODELLING","24/10/2024","24/10/2024","02:49:24"
"280","Prestige Park Grove_Tower 1 to 19","PPG_T17_1STFLOOR_MODELLING","24/10/2024","24/10/2024","02:49:24"
"281","Prestige Park Grove_Tower 1 to 19","PPG_T2_Refuge area_Modelling","24/10/2024","24/10/2024","00:01:17"
"282","Prestige Park Grove_Tower 1 to 19","PPG_T18_4TH FLOOR_MODELLING","-","-","hh:mm:ss"
"283","Prestige Park Grove_Tower 1 to 19","PPG_T18_4TH FLOOR_MODELLING","-","-","hh:mm:ss"
"284","Prestige Park Grove_Tower 1 to 19","PPG_T18_3rd floor_Modelling","-","-","hh:mm:ss"
"285","Prestige Park Grove_Tower 1 to 19","PPG_T18_3rd floor_Modelling","-","-","hh:mm:ss"
"286","Prestige Park Grove_Tower 1 to 19","PPG_T18_3rd floor_Modelling","-","-","hh:mm:ss"
"287","Prestige Park Grove_Tower 1 to 19","PPG_T18_3rd floor_Modelling","-","-","hh:mm:ss"
"288","Prestige Park Grove_Tower 1 to 19","PPG_T18_3rd floor_Modelling","-","-","hh:mm:ss"
"289","Prestige Park Grove_Tower 1 to 19","PPG_T15_1STFLOOR_MODELLING","24/10/2024","24/10/2024","02:49:19"
"290","Prestige Park Grove_Tower 1 to 19","PPG_T15_1STFLOOR_MODELLING","24/10/2024","24/10/2024","02:49:19"
"291","Prestige Park Grove_Tower 1 to 19","PPG_T2_2nd FLOOR_Modelling","24/10/2024","24/10/2024","00:00:12"
"292","Prestige Park Grove_Tower 1 to 19","PPG_T2_2nd FLOOR_Modelling","24/10/2024","24/10/2024","00:00:12"
"293","Prestige Park Grove_Tower 1 to 19","PPG_ T12_ GROUND FLOOR _MODELLING ","24/10/2024","24/10/2024","00:01:17"
"294","Prestige Park Grove_Tower 1 to 19","PPG_ T10_ GROUND FLOOR _MODELLING ","24/10/2024","24/10/2024","00:01:25"
"295","Prestige Park Grove_Tower 1 to 19","PPG_T3_Terrace floor_Modelling","24/10/2024","24/10/2024","00:00:48"
"296","Prestige Park Grove_Tower 1 to 19","PPG_T3_Terrace floor_Modelling","24/10/2024","24/10/2024","00:00:48"
"297","Prestige Park Grove_Tower 1 to 19","PPG_T13_1STFLOOR_MODELLING","24/10/2024","24/10/2024","00:01:20"
"298","Prestige Park Grove_Tower 1 to 19","PPG_T13_1STFLOOR_MODELLING","24/10/2024","24/10/2024","00:01:20"
"299","Prestige Park Grove_Tower 1 to 19","PPG_ T8_ GROUND FLOOR _MODELLING ","24/10/2024","24/10/2024","00:01:35"
"300","Prestige Park Grove_Tower 1 to 19","PPG_T16_4TH FLOOR_MODELLING","24/10/2024","24/10/2024","hh:mm:ss"
"301","Prestige Park Grove_Tower 1 to 19","PPG_T16_4TH FLOOR_MODELLING","24/10/2024","24/10/2024","hh:mm:ss"
"302","Prestige Park Grove_Tower 1 to 19","PPG_T14_4TH FLOOR_MODELLING","24/10/2024","24/10/2024","03:05:08"
"303","Prestige Park Grove_Tower 1 to 19","PPG_T14_4TH FLOOR_MODELLING","24/10/2024","24/10/2024","03:05:08"
"304","Prestige Park Grove_Tower 1 to 19","PPG_T11_1STFLOOR_MODELLING","24/10/2024","24/10/2024","00:01:14"
"305","Prestige Park Grove_Tower 1 to 19","PPG_T11_1STFLOOR_MODELLING","24/10/2024","24/10/2024","00:01:14"
"306","Prestige Park Grove_Tower 1 to 19","PPG_T16_3rd floor_Modelling","24/10/2024","24/10/2024","hh:mm:ss"
"307","Prestige Park Grove_Tower 1 to 19","PPG_T16_3rd floor_Modelling","24/10/2024","24/10/2024","hh:mm:ss"
"308","Prestige Park Grove_Tower 1 to 19","PPG_T16_3rd floor_Modelling","24/10/2024","24/10/2024","hh:mm:ss"
"309","Prestige Park Grove_Tower 1 to 19","PPG_T16_3rd floor_Modelling","24/10/2024","24/10/2024","hh:mm:ss"
"310","Prestige Park Grove_Tower 1 to 19","PPG_T16_3rd floor_Modelling","24/10/2024","24/10/2024","hh:mm:ss"
"311","Prestige Park Grove_Tower 1 to 19","PPG_ T6_ GROUND FLOOR _MODELLING ","24/10/2024","24/10/2024","00:01:40"
"312","Prestige Park Grove_Tower 1 to 19","PPG_T9_1STFLOOR_MODELLING","24/10/2024","24/10/2024","00:01:52"
"313","Prestige Park Grove_Tower 1 to 19","PPG_T9_1STFLOOR_MODELLING","24/10/2024","24/10/2024","00:01:52"
"314","Prestige Park Grove_Tower 1 to 19","PPG_T14_3rd floor_Modelling","24/10/2024","24/10/2024","hh:mm:ss"
"315","Prestige Park Grove_Tower 1 to 19","PPG_T14_3rd floor_Modelling","24/10/2024","24/10/2024","hh:mm:ss"
"316","Prestige Park Grove_Tower 1 to 19","PPG_T14_3rd floor_Modelling","24/10/2024","24/10/2024","hh:mm:ss"
"317","Prestige Park Grove_Tower 1 to 19","PPG_T14_3rd floor_Modelling","24/10/2024","24/10/2024","hh:mm:ss"
"318","Prestige Park Grove_Tower 1 to 19","PPG_T14_3rd floor_Modelling","24/10/2024","24/10/2024","hh:mm:ss"
"319","Prestige Park Grove_Tower 1 to 19","PPG_T7_1STFLOOR_MODELLING","24/10/2024","24/10/2024","00:01:52"
"320","Prestige Park Grove_Tower 1 to 19","PPG_T7_1STFLOOR_MODELLING","24/10/2024","24/10/2024","00:01:52"
"321","Prestige Park Grove_Tower 1 to 19","PPG_ T4_ GROUND FLOOR _MODELLING ","24/10/2024","24/10/2024","00:01:45"
"322","Prestige Park Grove_Tower 1 to 19","PPG_T12_3rd floor_Modelling","24/10/2024","24/10/2024","00:00:10"
"323","Prestige Park Grove_Tower 1 to 19","PPG_T12_3rd floor_Modelling","24/10/2024","24/10/2024","00:00:10"
"324","Prestige Park Grove_Tower 1 to 19","PPG_T12_3rd floor_Modelling","24/10/2024","24/10/2024","00:00:10"
"325","Prestige Park Grove_Tower 1 to 19","PPG_T12_3rd floor_Modelling","24/10/2024","24/10/2024","00:00:10"
"326","Prestige Park Grove_Tower 1 to 19","PPG_T12_3rd floor_Modelling","24/10/2024","24/10/2024","00:00:10"
"327","Prestige Park Grove_Tower 1 to 19","PPG_ T2_ GROUND FLOOR _MODELLING ","24/10/2024","24/10/2024","00:02:03"
"328","Prestige Park Grove_Tower 1 to 19","PPG_T12_4TH FLOOR_MODELLING","24/10/2024","24/10/2024","00:00:08"
"329","Prestige Park Grove_Tower 1 to 19","PPG_T12_4TH FLOOR_MODELLING","24/10/2024","24/10/2024","00:00:08"
"330","Prestige Park Grove_Tower 1 to 19","PPG_T10_3rd floor_Modelling","24/10/2024","24/10/2024","00:00:11"
"331","Prestige Park Grove_Tower 1 to 19","PPG_T10_3rd floor_Modelling","24/10/2024","24/10/2024","00:00:11"
"332","Prestige Park Grove_Tower 1 to 19","PPG_T10_3rd floor_Modelling","24/10/2024","24/10/2024","00:00:11"
"333","Prestige Park Grove_Tower 1 to 19","PPG_T10_3rd floor_Modelling","24/10/2024","24/10/2024","00:00:11"
"334","Prestige Park Grove_Tower 1 to 19","PPG_T10_3rd floor_Modelling","24/10/2024","24/10/2024","00:00:11"
"335","Prestige Park Grove_Tower 1 to 19","PPG_T10_4TH FLOOR_MODELLING","24/10/2024","24/10/2024","00:00:10"
"336","Prestige Park Grove_Tower 1 to 19","PPG_T10_4TH FLOOR_MODELLING","24/10/2024","24/10/2024","00:00:10"
"337","Prestige Park Grove_Tower 1 to 19","PPG_T8_3rd floor_Modelling","24/10/2024","24/10/2024","00:00:19"
"338","Prestige Park Grove_Tower 1 to 19","PPG_T8_3rd floor_Modelling","24/10/2024","24/10/2024","00:00:19"
"339","Prestige Park Grove_Tower 1 to 19","PPG_T8_3rd floor_Modelling","24/10/2024","24/10/2024","00:00:19"
"340","Prestige Park Grove_Tower 1 to 19","PPG_T8_3rd floor_Modelling","24/10/2024","24/10/2024","00:00:19"
"341","Prestige Park Grove_Tower 1 to 19","PPG_T8_3rd floor_Modelling","24/10/2024","24/10/2024","00:00:19"
"342","Prestige Park Grove_Tower 1 to 19","PPG_T5_1STFLOOR_MODELLING","24/10/2024","24/10/2024","00:01:55"
"343","Prestige Park Grove_Tower 1 to 19","PPG_T5_1STFLOOR_MODELLING","24/10/2024","24/10/2024","00:01:55"
"344","Prestige Park Grove_Tower 1 to 19","PPG_T6_3rd floor_Modelling","24/10/2024","24/10/2024","00:00:10"
"345","Prestige Park Grove_Tower 1 to 19","PPG_T6_3rd floor_Modelling","24/10/2024","24/10/2024","00:00:10"
"346","Prestige Park Grove_Tower 1 to 19","PPG_T6_3rd floor_Modelling","24/10/2024","24/10/2024","00:00:10"
"347","Prestige Park Grove_Tower 1 to 19","PPG_T6_3rd floor_Modelling","24/10/2024","24/10/2024","00:00:10"
"348","Prestige Park Grove_Tower 1 to 19","PPG_T6_3rd floor_Modelling","24/10/2024","24/10/2024","00:00:10"
"349","Prestige Park Grove_Tower 1 to 19","PPG_T8_4TH FLOOR_MODELLING","24/10/2024","24/10/2024","00:00:16"
"350","Prestige Park Grove_Tower 1 to 19","PPG_T8_4TH FLOOR_MODELLING","24/10/2024","24/10/2024","00:00:16"
"351","Prestige Park Grove_Tower 1 to 19","PPG_T4_3rd floor_Modelling","24/10/2024","24/10/2024","00:00:33"
"352","Prestige Park Grove_Tower 1 to 19","PPG_T4_3rd floor_Modelling","24/10/2024","24/10/2024","00:00:33"
"353","Prestige Park Grove_Tower 1 to 19","PPG_T4_3rd floor_Modelling","24/10/2024","24/10/2024","00:00:33"
"354","Prestige Park Grove_Tower 1 to 19","PPG_T4_3rd floor_Modelling","24/10/2024","24/10/2024","00:00:33"
"355","Prestige Park Grove_Tower 1 to 19","PPG_T4_3rd floor_Modelling","24/10/2024","24/10/2024","00:00:33"
"356","Prestige Park Grove_Tower 1 to 19","PPG_T3_1STFLOOR_MODELLING","24/10/2024","24/10/2024","00:01:55"
"357","Prestige Park Grove_Tower 1 to 19","PPG_T3_1STFLOOR_MODELLING","24/10/2024","24/10/2024","00:01:55"
"358","Prestige Park Grove_Tower 1 to 19","PPG_T6_4TH FLOOR_MODELLING","24/10/2024","24/10/2024","00:00:36"
"359","Prestige Park Grove_Tower 1 to 19","PPG_T6_4TH FLOOR_MODELLING","24/10/2024","24/10/2024","00:00:36"
"360","Prestige Park Grove_Tower 1 to 19","PPG_T4_4TH FLOOR_MODELLING","24/10/2024","24/10/2024","00:00:38"
"361","Prestige Park Grove_Tower 1 to 19","PPG_T4_4TH FLOOR_MODELLING","24/10/2024","24/10/2024","00:00:38"
"362","Prestige Park Grove_Tower 1 to 19","PPG_T2_3rd floor_Modelling","24/10/2024","24/10/2024","00:00:22"
"363","Prestige Park Grove_Tower 1 to 19","PPG_T2_3rd floor_Modelling","24/10/2024","24/10/2024","00:00:22"
"364","Prestige Park Grove_Tower 1 to 19","PPG_T2_3rd floor_Modelling","24/10/2024","24/10/2024","00:00:22"
"365","Prestige Park Grove_Tower 1 to 19","PPG_T2_3rd floor_Modelling","24/10/2024","24/10/2024","00:00:22"
"366","Prestige Park Grove_Tower 1 to 19","PPG_T2_3rd floor_Modelling","24/10/2024","24/10/2024","00:00:22"
"367","Prestige Park Grove_Tower 1 to 19","PPG_T1_Terrace floor_Modelling","24/10/2024","24/10/2024","00:04:08"
"368","Prestige Park Grove_Tower 1 to 19","PPG_T1_Terrace floor_Modelling","24/10/2024","24/10/2024","00:04:08"
"369","Prestige Park Grove_Tower 1 to 19","PPG_T2_4TH FLOOR_MODELLING","24/10/2024","24/10/2024","00:00:18"
"370","Prestige Park Grove_Tower 1 to 19","PPG_T2_4TH FLOOR_MODELLING","24/10/2024","24/10/2024","00:00:18"
"371","Prestige Park Grove_Tower 1 to 19","PPG_T2_1st floor Modelling","24/10/2024","24/10/2024","00:01:35"
"372","Prestige Park Grove_Villa, Club House","Modelling","24/10/2024","24/10/2024","00:13:28"
"373","Prestige Park Grove_Villa, Club House","Modelling","24/10/2024","24/10/2024","00:13:28"
"374","Prestige Park Grove_Villa, Club House","Modelling","24/10/2024","24/10/2024","00:13:28"
"375","Prestige Park Grove_Villa, Club House","Modelling","24/10/2024","24/10/2024","00:13:28"
"376","Prestige Park Grove_Villa, Club House","Modelling","24/10/2024","24/10/2024","00:13:28"
"377","Prestige Park Grove_Villa, Club House","Modelling","23/10/2024","23/10/2024","01:15:26"
"378","Prestige Park Grove_Villa, Club House","Modelling","23/10/2024","23/10/2024","01:15:26"
"379","Others","Mariam Webster","23/09/2024","23/09/2024","hh:mm:ss"
"380","Others","Nash Gilbert","04/12/2024","04/12/2024","00:00:08"
"381","Others","Rajah Mccray","23/09/2024","23/09/2024","00:00:11"
"382","Others","Setting up outlook for swifterz employees","21/08/2024","21/08/2024","00:06:18"
"383","Others","Meeting with RIL IT team","20/08/2024","20/08/2024","00:00:10"
"384","Others","Meeting with Bexel India","20/08/2024","20/08/2024","00:00:44"
"385","Others","Fixing Appointment","-","-","hh:mm:ss"
"386","Others","Follow up with Suspects and prospects","-","-","hh:mm:ss"
"387","Others","pre qualification docs ","-","-","hh:mm:ss"
"388","Others","Hiring Poster for Bexel Manager","19/08/2024","19/08/2024","00:00:11"
"389","Others","Hiring Poster for Bexel Manager","19/08/2024","19/08/2024","00:00:11"
"390","Others","Negotiation through event participation","-","-","hh:mm:ss"
"391","Others","pre qualification docs ","-","-","hh:mm:ss"
"392","Others","meeting ","-","-","hh:mm:ss"
"393","Others","Solving Internet Issuses","17/08/2024","17/08/2024","00:00:08"
"394","Others","KR Pete College Visit","20/08/2024","20/08/2024","00:00:32"
"395","Others","Resetting the extra laptops","16/08/2024","16/08/2024","04:26:55"
"396","Others","Meeting with Fazail","19/08/2024","19/08/2024","00:00:09"
"397","Others","Resetting the extra laptops","14/08/2024","14/08/2024","03:49:07"
"398","Others","Calls for partenship company","14/08/2024","21/08/2024","163:40:00"
"399","Others","Onboarding through Platform - Consultants","-","-","hh:mm:ss"
"400","Others","Independent Consultant Agreement Signup / Offer letters for In House team","-","-","hh:mm:ss"
"401","Others","Negotiation & Followup - In House team","-","-","hh:mm:ss"
"402","Others","Technical Evaluation","04/12/2024","04/12/2024","00:01:58"
"403","Others","Partnership Form Followup","-","-","hh:mm:ss"
"404","Others","Event (consultant partnership) ","04/12/2024","04/12/2024","00:01:55"
"405","Others","Approaching Database","-","-","hh:mm:ss"
"406","Others","Database Mobilization","-","-","hh:mm:ss"
"407","Others","Digital Marketing","-","-","hh:mm:ss"
"408","Others","Event Poster Creation","-","-","hh:mm:ss"
"409","Others","Event Poster Creation","-","-","hh:mm:ss"
"410","Others","Onboarding through Platform - Consultants","-","-","hh:mm:ss"
"411","Others","Independent Consultant Agreement Signup / Offer letters for In House team","-","-","hh:mm:ss"
"412","Others","Negotiation & Followup - In House team","-","-","hh:mm:ss"
"413","Others","Technical Evaluation","04/12/2024","04/12/2024","00:01:55"
"414","Others","Partnership Form Followup","-","-","hh:mm:ss"
"415","Others","Filtering the CVS From indeed for swifterz Creative Services","14/08/2024","21/08/2024","163:39:57"
"416","Others","Event (consultant partnership) ","04/12/2024","04/12/2024","00:02:38"
"417","Others","Registrations Monitoring","-","-","hh:mm:ss"
"418","Others","Approaching Database","-","-","hh:mm:ss"
"419","Others","Database Mobilization","-","-","hh:mm:ss"
"420","Others","Digital Marketing","-","-","hh:mm:ss"
"421","Others","Event Poster Creation","-","-","hh:mm:ss"
"422","Others","Event Poster Creation","-","-","hh:mm:ss"
"423","Others","Onboarding through Platform - Consultants","-","-","hh:mm:ss"
"424","Others","Independent Consultant Agreement Signup / Offer letters for In House team","-","-","hh:mm:ss"
"425","Others","Negotiation & Followup - In House team","-","-","hh:mm:ss"
"426","Others","Technical Evaluation","04/12/2024","04/12/2024","00:02:37"
"427","Others","Partnership Form Followup","-","-","hh:mm:ss"
"428","Others","Event (consultant partnership) ","04/12/2024","04/12/2024","00:02:35"
"429","Others","Registrations Monitoring","-","-","hh:mm:ss"
"430","Others","Approaching Database","-","-","hh:mm:ss"
"431","Others","Database Mobilization","-","-","hh:mm:ss"
"432","Others","Digital Marketing","-","-","hh:mm:ss"
"433","Others","Event Poster Creation","-","-","hh:mm:ss"
"434","Others","Event Poster Creation","-","-","hh:mm:ss"
"435","Others","resetting  and installing the required softwares in  laptops","14/08/2024","14/08/2024","02:39:35"
"436","Others","taking backup and Exchanging laptops","13/08/2024","13/08/2024","03:13:18"
"437","Others","Onboarding through Platform - Consultants","-","-","hh:mm:ss"
"438","Others","Independent Consultant Agreement Signup / Offer letters for In House team","-","-","hh:mm:ss"
"439","Others","Negotiation & Followup - In House team","-","-","hh:mm:ss"
"440","Others","Technical Evaluation","04/12/2024","04/12/2024","hh:mm:ss"
"441","Others","Partnership Form Followup","-","-","hh:mm:ss"
"442","Others","Event (consultant partnership) ","04/12/2024","04/12/2024","00:01:52"
"443","Others","Registrations Monitoring","-","-","hh:mm:ss"
"444","Others","Approaching Database","-","-","hh:mm:ss"
"445","Others","Database Mobilization","-","-","hh:mm:ss"
"446","Others","Digital Marketing","-","-","hh:mm:ss"
"447","Others","Event Poster Creation","-","-","hh:mm:ss"
"448","Others","Event Poster Creation","-","-","hh:mm:ss"
"449","Others","Onboarding through Platform - Consultants","-","-","hh:mm:ss"
"450","Others","Independent Consultant Agreement Signup / Offer letters for In House team","-","-","hh:mm:ss"
"451","Others","Negotiation & Followup - In House team","-","-","hh:mm:ss"
"452","Others","Technical Evaluation","04/12/2024","04/12/2024","00:01:40"
"453","Others","Partnership Form Followup","-","-","hh:mm:ss"
"454","Others","Event (consultant partnership) ","04/12/2024","04/12/2024","hh:mm:ss"
"455","Others","Registrations Monitoring","-","-","hh:mm:ss"
"456","Others","Approaching Database","-","-","hh:mm:ss"
"457","Others","Database Mobilization","-","-","hh:mm:ss"
"458","Others","Webinar Content PPT Preparation","04/12/2024","04/12/2024","hh:mm:ss"
"459","Others","Event Poster Creation","-","-","hh:mm:ss"
"460","Others","Event Poster Creation","-","-","hh:mm:ss"
"461","Others","Event Registration Page","-","-","hh:mm:ss"
"462","Others","Event Registration Page","-","-","hh:mm:ss"
"463","Others","Digital Marketing","-","-","hh:mm:ss"
"464","Others","Partnership Form creation","-","-","hh:mm:ss"
"465","Others","Dashboard preparation for Partnership","-","-","hh:mm:ss"
"466","Others","Independent Consultant Agreement Preparation","-","-","hh:mm:ss"
"467","Others","NDA Document Preparation","-","-","hh:mm:ss"
"468","Others","Onboarding through Platform","04/12/2024","04/12/2024","hh:mm:ss"
"469","Others","Partnership Agreement Signup & Followup","-","-","hh:mm:ss"
"470","Others","Technical Evaluation","-","-","hh:mm:ss"
"471","Others","Partnership Form Followup","04/12/2024","04/12/2024","00:00:43"
"472","Others","Online Presentation with decision makers","14/08/2024","14/08/2024","00:50:34"
"473","Others","Cold Calling ","04/12/2024","04/12/2024","00:00:45"
"474","Others","Online Meeting Schedule","04/12/2024","04/12/2024","hh:mm:ss"
"475","Others","Partnership Form creation","-","-","hh:mm:ss"
"476","Others","Dashboard preparation for Partnership","-","-","hh:mm:ss"
"477","Others","NDA Document Preparation","-","-","hh:mm:ss"
"478","Others","Practicisng secure coding softwares in kali linux","08/08/2024","08/08/2024","03:10:48"
"479","Others","Installing a softwares(Revit ,Navisworks and autocad) for Nagendran sir","08/08/2024","08/08/2024","04:40:43"
"480","Others","Solving Internet Issuses","26/07/2024","26/07/2024","00:00:05"
"481","Others","Creating the license ID for the Revit and Autocad Softwares","25/07/2024","25/07/2024","03:42:16"
"482","Others","Solving the login issues for Interns","25/07/2024","25/07/2024","01:00:46"
"483","Others","Resolved Internet Issuses ","25/07/2024","25/07/2024","04:00:28"